is_converged?,n_adj
true,8.158744038953163
true,8.158744038953163
true,8.158744038953163
true,8.158744038953163
true,8.158744038953163
true,8.158744038953163
true,8.158744038953163
true,8.158744038953163
true,8.158744038953163
true,8.158744038953163
true,8.158744038953163
