is_converged?,n_adj
true,3.550580404330878
true,3.550580404330878
true,3.550580404330878
true,3.550580404330878
true,3.550580404330878
true,3.550580404330878
true,3.550580404330878
true,3.550580404330878
true,3.550580404330878
true,3.550580404330878
true,3.550580404330878
