is_converged?,n_adj
false,1.623328714201731
true,1.510812967162173
true,1.510812967162173
true,1.510812967162173
true,1.510812967162173
true,1.510812967162173
true,1.510812967162173
true,1.510812967162173
true,1.510812967162173
true,1.510812967162173
true,1.510812967162173
