is_converged?,n_adj
false,9.77330021127489
true,9.348621690077382
true,9.348621690077382
true,9.348621690077382
true,9.348621690077382
true,9.348621690077382
true,9.348621690077382
true,9.348621690077382
true,9.348621690077382
true,9.348621690077382
true,9.348621690077382
