is_converged?,n_adj
true,8.13432412623137
true,8.13432412623137
true,8.13432412623137
true,8.13432412623137
true,8.13432412623137
true,8.13432412623137
true,8.13432412623137
true,8.13432412623137
true,8.13432412623137
true,8.13432412623137
true,8.13432412623137
