is_converged?,n_adj
true,3.901949587791857
true,3.901949587791857
true,3.901949587791857
true,3.901949587791857
true,3.901949587791857
true,3.901949587791857
true,3.901949587791857
true,3.901949587791857
true,3.901949587791857
true,3.901949587791857
true,3.901949587791857
