is_converged?,n_adj
false,7.9691358024691334
false,8.262345679012347
false,8.438271604938272
false,8.243827160493828
false,8.608024691358025
false,8.376543209876544
false,8.237654320987655
false,8.237654320987655
true,8.237654320987655
true,8.237654320987655
true,8.237654320987655
