is_converged?,n_adj
false,22.544444444444444
true,20.211111111111112
true,20.211111111111112
true,20.211111111111112
true,20.211111111111112
true,20.211111111111112
true,20.211111111111112
true,20.211111111111112
true,20.211111111111112
true,20.211111111111112
true,20.211111111111112
