is_converged?,n_adj
true,2.6840286783774374
true,2.6840286783774374
true,2.6840286783774374
true,2.6840286783774374
true,2.6840286783774374
true,2.6840286783774374
true,2.6840286783774374
true,2.6840286783774374
true,2.6840286783774374
true,2.6840286783774374
true,2.6840286783774374
