is_converged?,n_adj
false,10.737825177147036
false,9.643468543685852
false,9.047653739339259
false,9.332131682398114
false,8.869761783921405
false,8.956906942364787
false,9.03842752584268
true,8.473976039396373
true,8.473976039396373
true,8.473976039396373
true,8.473976039396373
