is_converged?,n_adj
false,3.40625
false,3.0625
false,3.0625
false,2.739583333333333
true,2.708333333333333
true,2.708333333333333
true,2.708333333333333
true,2.708333333333333
true,2.708333333333333
true,2.708333333333333
true,2.708333333333333
