is_converged?,n_adj
false,25.6985632183908
false,18.086781609195402
false,17.002011494252876
false,17.060919540229886
false,18.112643678160918
false,16.054885057471264
false,16.618103448275864
false,16.153448275862072
true,15.399712643678162
true,15.399712643678162
true,15.399712643678162
