is_converged?,n_adj
false,7.761551155115512
false,7.467821782178218
false,7.381188118811881
false,7.298679867986798
false,6.877227722772277
false,6.884653465346536
false,6.633003300330033
true,6.425247524752477
true,6.425247524752477
true,6.425247524752477
true,6.425247524752477
