is_converged?,n_adj
false,5.235504248837583
false,5.27089657256324
false,4.732939375439376
false,3.7774359409653515
false,3.1984892703520145
false,3.2670328255622367
false,4.046997305526717
false,3.884162750829417
false,2.9539554889554887
true,2.8957626632626634
true,2.8957626632626634
