is_converged?,n_adj
false,2.31142631670773
true,2.3064341810119204
true,2.3064341810119204
true,2.3064341810119204
true,2.3064341810119204
true,2.3064341810119204
true,2.3064341810119204
true,2.3064341810119204
true,2.3064341810119204
true,2.3064341810119204
true,2.3064341810119204
