is_converged?,n_adj
true,2.506343189289498
true,2.506343189289498
true,2.506343189289498
true,2.506343189289498
true,2.506343189289498
true,2.506343189289498
true,2.506343189289498
true,2.506343189289498
true,2.506343189289498
true,2.506343189289498
true,2.506343189289498
