is_converged?,n_adj
false,9.194444444444445
false,8.175925925925926
false,9.0
false,9.425925925925926
true,9.324074074074074
true,9.324074074074074
true,9.324074074074074
true,9.324074074074074
true,9.324074074074074
true,9.324074074074074
true,9.324074074074074
true,9.324074074074074
true,9.324074074074074
true,9.324074074074074
true,9.324074074074074
true,9.324074074074074
true,9.324074074074074
true,9.324074074074074
true,9.324074074074074
true,9.324074074074074
true,9.324074074074074
