is_converged?,n_adj
false,9.380955673351368
false,9.34524622243573
true,9.280737967946806
true,9.280737967946806
true,9.280737967946806
true,9.280737967946806
true,9.280737967946806
true,9.280737967946806
true,9.280737967946806
true,9.280737967946806
true,9.280737967946806
