is_converged?,n_adj
false,34.1578947368421
false,17.655263157894737
false,18.812280701754386
true,15.234210526315787
true,15.234210526315787
true,15.234210526315787
true,15.234210526315787
true,15.234210526315787
true,15.234210526315787
true,15.234210526315787
true,15.234210526315787
