is_converged?,n_adj
false,3.059158601857509
false,2.983618852166093
false,2.9507981066451276
false,2.9378385524056423
false,2.9327864707600835
false,2.91521275716498
false,2.8643102182108002
true,2.8584057305699906
true,2.8584057305699906
true,2.8584057305699906
true,2.8584057305699906
