is_converged?,n_adj
true,6.450385245294577
true,6.450385245294577
true,6.450385245294577
true,6.450385245294577
true,6.450385245294577
true,6.450385245294577
true,6.450385245294577
true,6.450385245294577
true,6.450385245294577
true,6.450385245294577
true,6.450385245294577
