is_converged?,n_adj
false,3.125
false,2.8958333333333335
false,2.822916666666667
false,2.760416666666667
false,2.760416666666667
true,2.729166666666667
true,2.729166666666667
true,2.729166666666667
true,2.729166666666667
true,2.729166666666667
true,2.729166666666667
true,2.729166666666667
true,2.729166666666667
true,2.729166666666667
true,2.729166666666667
true,2.729166666666667
true,2.729166666666667
true,2.729166666666667
true,2.729166666666667
true,2.729166666666667
true,2.729166666666667
