is_converged?,n_adj
false,9.022990255358664
false,8.771985704354114
false,8.769258887311508
true,8.724602201891665
true,8.724602201891665
true,8.724602201891665
true,8.724602201891665
true,8.724602201891665
true,8.724602201891665
true,8.724602201891665
true,8.724602201891665
