is_converged?,n_adj
false,5.782196969696971
false,4.8878787878787895
false,4.445959595959596
false,4.348863636363636
true,4.2585858585858585
true,4.2585858585858585
true,4.2585858585858585
true,4.2585858585858585
true,4.2585858585858585
true,4.2585858585858585
true,4.2585858585858585
