is_converged?,n_adj
false,7.364913419913421
false,6.33004329004329
true,6.004632034632036
true,6.004632034632036
true,6.004632034632036
true,6.004632034632036
true,6.004632034632036
true,6.004632034632036
true,6.004632034632036
true,6.004632034632036
true,6.004632034632036
