is_converged?,n_adj
true,3.002175281775788
true,3.002175281775788
true,3.002175281775788
true,3.002175281775788
true,3.002175281775788
true,3.002175281775788
true,3.002175281775788
true,3.002175281775788
true,3.002175281775788
true,3.002175281775788
true,3.002175281775788
