is_converged?,n_adj
true,1.080167520704212
true,1.080167520704212
true,1.080167520704212
true,1.080167520704212
true,1.080167520704212
true,1.080167520704212
true,1.080167520704212
true,1.080167520704212
true,1.080167520704212
true,1.080167520704212
true,1.080167520704212
true,1.080167520704212
true,1.080167520704212
true,1.080167520704212
true,1.080167520704212
true,1.080167520704212
true,1.080167520704212
true,1.080167520704212
true,1.080167520704212
true,1.080167520704212
