is_converged?,n_adj
false,14.47178130511464
false,13.314241622574956
false,11.258068783068783
true,10.8151455026455
true,10.8151455026455
true,10.8151455026455
true,10.8151455026455
true,10.8151455026455
true,10.8151455026455
true,10.8151455026455
true,10.8151455026455
