is_converged?,n_adj
false,15.71543209876543
false,12.347643097643097
false,11.283798300464968
false,14.298613115279782
true,9.751919993586661
true,9.751919993586661
true,9.751919993586661
true,9.751919993586661
true,9.751919993586661
true,9.751919993586661
true,9.751919993586661
