is_converged?,n_adj
true,1.065703969343552
true,1.065703969343552
true,1.065703969343552
true,1.065703969343552
true,1.065703969343552
true,1.065703969343552
true,1.065703969343552
true,1.065703969343552
true,1.065703969343552
true,1.065703969343552
true,1.065703969343552
true,1.065703969343552
true,1.065703969343552
true,1.065703969343552
true,1.065703969343552
true,1.065703969343552
true,1.065703969343552
true,1.065703969343552
true,1.065703969343552
true,1.065703969343552
