is_converged?,n_adj
false,6.146717171717173
false,4.762499999999999
false,4.636237373737372
false,4.384974747474747
false,4.319318181818182
true,4.292171717171717
true,4.292171717171717
true,4.292171717171717
true,4.292171717171717
true,4.292171717171717
true,4.292171717171717
