is_converged?,n_adj
false,6.329696969696972
true,5.126839826839828
true,5.126839826839828
true,5.126839826839828
true,5.126839826839828
true,5.126839826839828
true,5.126839826839828
true,5.126839826839828
true,5.126839826839828
true,5.126839826839828
true,5.126839826839828
