is_converged?,n_adj
true,4.171815653485993
true,4.171815653485993
true,4.171815653485993
true,4.171815653485993
true,4.171815653485993
true,4.171815653485993
true,4.171815653485993
true,4.171815653485993
true,4.171815653485993
true,4.171815653485993
true,4.171815653485993
