is_converged?,n_adj
true,1.0723551471247181
true,1.0723551471247181
true,1.0723551471247181
true,1.0723551471247181
true,1.0723551471247181
true,1.0723551471247181
true,1.0723551471247181
true,1.0723551471247181
true,1.0723551471247181
true,1.0723551471247181
true,1.0723551471247181
