is_converged?,n_adj
false,2.8993158386255007
false,2.728444608929305
false,2.5910546264657817
false,2.4695201920734817
false,2.4530722062281085
true,2.405134864958924
true,2.405134864958924
true,2.405134864958924
true,2.405134864958924
true,2.405134864958924
true,2.405134864958924
