is_converged?,n_adj
true,5.072150636756522
true,5.072150636756522
true,5.072150636756522
true,5.072150636756522
true,5.072150636756522
true,5.072150636756522
true,5.072150636756522
true,5.072150636756522
true,5.072150636756522
true,5.072150636756522
true,5.072150636756522
