is_converged?,n_adj
false,2.8530927835051543
false,2.4387170675830463
false,2.3233104238258866
false,2.318728522336769
false,2.3152920962199306
false,2.3038373424971352
false,2.300400916380297
true,2.2809278350515454
true,2.2809278350515454
true,2.2809278350515454
true,2.2809278350515454
