is_converged?,n_adj
true,1.331977601457833
true,1.331977601457833
true,1.331977601457833
true,1.331977601457833
true,1.331977601457833
true,1.331977601457833
true,1.331977601457833
true,1.331977601457833
true,1.331977601457833
true,1.331977601457833
true,1.331977601457833
