is_converged?,n_adj
false,6.123160173160174
false,6.0092207792207795
true,5.706796536796537
true,5.706796536796537
true,5.706796536796537
true,5.706796536796537
true,5.706796536796537
true,5.706796536796537
true,5.706796536796537
true,5.706796536796537
true,5.706796536796537
