is_converged?,n_adj
false,7.1985353535353545
true,5.709444444444446
true,5.709444444444446
true,5.709444444444446
true,5.709444444444446
true,5.709444444444446
true,5.709444444444446
true,5.709444444444446
true,5.709444444444446
true,5.709444444444446
true,5.709444444444446
