is_converged?,n_adj
false,6.6342784992784996
true,5.552330447330447
true,5.552330447330447
true,5.552330447330447
true,5.552330447330447
true,5.552330447330447
true,5.552330447330447
true,5.552330447330447
true,5.552330447330447
true,5.552330447330447
true,5.552330447330447
