is_converged?,n_adj
false,10.905803579883232
false,10.754519615075477
false,10.250304920475902
false,9.508082951066587
false,9.564710614150522
false,8.596718727866898
true,8.46857035129687
true,8.46857035129687
true,8.46857035129687
true,8.46857035129687
true,8.46857035129687
