is_converged?,n_adj
true,2.433606654653233
true,2.433606654653233
true,2.433606654653233
true,2.433606654653233
true,2.433606654653233
true,2.433606654653233
true,2.433606654653233
true,2.433606654653233
true,2.433606654653233
true,2.433606654653233
true,2.433606654653233
