is_converged?,n_adj
false,4.643082816804402
true,4.4909183146399
true,4.4909183146399
true,4.4909183146399
true,4.4909183146399
true,4.4909183146399
true,4.4909183146399
true,4.4909183146399
true,4.4909183146399
true,4.4909183146399
true,4.4909183146399
