is_converged?,n_adj
true,3.9759219015058767
true,3.9759219015058767
true,3.9759219015058767
true,3.9759219015058767
true,3.9759219015058767
true,3.9759219015058767
true,3.9759219015058767
true,3.9759219015058767
true,3.9759219015058767
true,3.9759219015058767
true,3.9759219015058767
