is_converged?,n_adj
false,10.454545454545455
true,9.272727272727273
true,9.272727272727273
true,9.272727272727273
true,9.272727272727273
true,9.272727272727273
true,9.272727272727273
true,9.272727272727273
true,9.272727272727273
true,9.272727272727273
true,9.272727272727273
