is_converged?,n_adj
false,7.462098697698324
true,7.184997631476504
true,7.184997631476504
true,7.184997631476504
true,7.184997631476504
true,7.184997631476504
true,7.184997631476504
true,7.184997631476504
true,7.184997631476504
true,7.184997631476504
true,7.184997631476504
