is_converged?,n_adj
false,9.60831157048412
true,9.38704337705098
true,9.38704337705098
true,9.38704337705098
true,9.38704337705098
true,9.38704337705098
true,9.38704337705098
true,9.38704337705098
true,9.38704337705098
true,9.38704337705098
true,9.38704337705098
true,9.38704337705098
true,9.38704337705098
true,9.38704337705098
true,9.38704337705098
true,9.38704337705098
true,9.38704337705098
true,9.38704337705098
true,9.38704337705098
true,9.38704337705098
true,9.38704337705098
