is_converged?,n_adj
false,3.559708737864077
false,2.8634304207119734
false,2.7914239482200647
false,2.8302588996763753
false,2.674757281553398
false,2.703883495145631
false,2.6650485436893203
true,2.577669902912621
true,2.577669902912621
true,2.577669902912621
true,2.577669902912621
