is_converged?,n_adj
true,2.134834491266307
true,2.134834491266307
true,2.134834491266307
true,2.134834491266307
true,2.134834491266307
true,2.134834491266307
true,2.134834491266307
true,2.134834491266307
true,2.134834491266307
true,2.134834491266307
true,2.134834491266307
