is_converged?,n_adj
false,3.7954692556634306
false,3.0416435506241344
false,2.7977924179380493
false,2.6706079519186323
true,2.4849630143319468
true,2.4849630143319468
true,2.4849630143319468
true,2.4849630143319468
true,2.4849630143319468
true,2.4849630143319468
true,2.4849630143319468
