is_converged?,n_adj
true,2.66044517503098
true,2.66044517503098
true,2.66044517503098
true,2.66044517503098
true,2.66044517503098
true,2.66044517503098
true,2.66044517503098
true,2.66044517503098
true,2.66044517503098
true,2.66044517503098
true,2.66044517503098
true,2.66044517503098
true,2.66044517503098
true,2.66044517503098
true,2.66044517503098
true,2.66044517503098
true,2.66044517503098
true,2.66044517503098
true,2.66044517503098
true,2.66044517503098
true,2.66044517503098
