is_converged?,n_adj
false,2.444704049844236
false,1.6853582554517132
false,1.5334890965732089
false,1.312305295950156
true,1.312305295950156
true,1.312305295950156
true,1.312305295950156
true,1.312305295950156
true,1.312305295950156
true,1.312305295950156
true,1.312305295950156
