is_converged?,n_adj
false,19.209837516087518
true,18.885963642213646
true,18.885963642213646
true,18.885963642213646
true,18.885963642213646
true,18.885963642213646
true,18.885963642213646
true,18.885963642213646
true,18.885963642213646
true,18.885963642213646
true,18.885963642213646
