is_converged?,n_adj
true,2.40868784763356
true,2.40868784763356
true,2.40868784763356
true,2.40868784763356
true,2.40868784763356
true,2.40868784763356
true,2.40868784763356
true,2.40868784763356
true,2.40868784763356
true,2.40868784763356
true,2.40868784763356
true,2.40868784763356
true,2.40868784763356
true,2.40868784763356
true,2.40868784763356
true,2.40868784763356
true,2.40868784763356
true,2.40868784763356
true,2.40868784763356
true,2.40868784763356
true,2.40868784763356
