is_converged?,n_adj
false,3.144429033749422
true,2.7206426259824315
true,2.7206426259824315
true,2.7206426259824315
true,2.7206426259824315
true,2.7206426259824315
true,2.7206426259824315
true,2.7206426259824315
true,2.7206426259824315
true,2.7206426259824315
true,2.7206426259824315
