is_converged?,n_adj
false,2.807632398753894
false,2.1253894080996885
false,1.8785046728971964
false,1.805295950155763
false,1.717289719626168
true,1.6487538940809965
true,1.6487538940809965
true,1.6487538940809965
true,1.6487538940809965
true,1.6487538940809965
true,1.6487538940809965
