is_converged?,n_adj
false,3.5522693452380993
false,2.6313190901360555
false,2.329963860544219
false,2.202359693877551
false,2.178805272108844
true,2.1162308673469394
true,2.1162308673469394
true,2.1162308673469394
true,2.1162308673469394
true,2.1162308673469394
true,2.1162308673469394
