is_converged?,n_adj
false,3.6705501618122978
false,2.750947757743875
false,2.636615811373094
true,2.5733472029588538
true,2.5733472029588538
true,2.5733472029588538
true,2.5733472029588538
true,2.5733472029588538
true,2.5733472029588538
true,2.5733472029588538
true,2.5733472029588538
