is_converged?,n_adj
false,2.9088785046728978
false,2.0155763239875384
false,1.7126168224299054
false,1.6285046728971957
false,1.5708722741433017
false,1.443146417445483
false,1.411993769470405
true,1.411993769470405
true,1.411993769470405
true,1.411993769470405
true,1.411993769470405
