is_converged?,n_adj
true,31.12526812526812
true,31.12526812526812
true,31.12526812526812
true,31.12526812526812
true,31.12526812526812
true,31.12526812526812
true,31.12526812526812
true,31.12526812526812
true,31.12526812526812
true,31.12526812526812
true,31.12526812526812
