is_converged?,n_adj
false,3.4520110957004175
false,2.831784558483589
false,2.7168978270920023
false,2.7557327785483134
true,2.6408460471567268
true,2.6408460471567268
true,2.6408460471567268
true,2.6408460471567268
true,2.6408460471567268
true,2.6408460471567268
true,2.6408460471567268
