is_converged?,n_adj
true,11.454545454545455
true,11.454545454545455
true,11.454545454545455
true,11.454545454545455
true,11.454545454545455
true,11.454545454545455
true,11.454545454545455
true,11.454545454545455
true,11.454545454545455
true,11.454545454545455
true,11.454545454545455
