is_converged?,n_adj
false,7.769510937028541
true,7.30135493418944
true,7.30135493418944
true,7.30135493418944
true,7.30135493418944
true,7.30135493418944
true,7.30135493418944
true,7.30135493418944
true,7.30135493418944
true,7.30135493418944
true,7.30135493418944
true,7.30135493418944
true,7.30135493418944
true,7.30135493418944
true,7.30135493418944
true,7.30135493418944
true,7.30135493418944
true,7.30135493418944
true,7.30135493418944
true,7.30135493418944
true,7.30135493418944
