is_converged?,n_adj
false,35.20037537537538
true,30.4274024024024
true,30.4274024024024
true,30.4274024024024
true,30.4274024024024
true,30.4274024024024
true,30.4274024024024
true,30.4274024024024
true,30.4274024024024
true,30.4274024024024
true,30.4274024024024
true,30.4274024024024
true,30.4274024024024
true,30.4274024024024
true,30.4274024024024
true,30.4274024024024
true,30.4274024024024
true,30.4274024024024
true,30.4274024024024
true,30.4274024024024
true,30.4274024024024
