is_converged?,n_adj
false,5.738226978798446
false,5.174871997722874
false,5.0737982309705725
false,4.797607754780096
true,4.74606038239939
true,4.74606038239939
true,4.74606038239939
true,4.74606038239939
true,4.74606038239939
true,4.74606038239939
true,4.74606038239939
