is_converged?,n_adj
false,3.7273947525770312
true,3.696733059224288
true,3.696733059224288
true,3.696733059224288
true,3.696733059224288
true,3.696733059224288
true,3.696733059224288
true,3.696733059224288
true,3.696733059224288
true,3.696733059224288
true,3.696733059224288
