is_converged?,n_adj
false,15.093817204301073
false,11.32044930875576
false,10.945756528417816
false,9.30968061955965
false,8.939327316948283
false,8.068411651072939
false,7.963976167201971
true,7.700016873807194
true,7.700016873807194
true,7.700016873807194
true,7.700016873807194
