is_converged?,n_adj
false,26.523029108628187
false,23.931968172636374
true,23.58950103915542
true,23.58950103915542
true,23.58950103915542
true,23.58950103915542
true,23.58950103915542
true,23.58950103915542
true,23.58950103915542
true,23.58950103915542
true,23.58950103915542
