is_converged?,n_adj
false,8.529258124740053
false,7.7607506950880465
false,6.708953930941882
false,6.53016056901599
true,6.346954718641467
true,6.346954718641467
true,6.346954718641467
true,6.346954718641467
true,6.346954718641467
true,6.346954718641467
true,6.346954718641467
