is_converged?,n_adj
false,9.514005602240896
false,8.252801120448181
false,7.90826330532213
false,7.4600840336134455
false,7.182773109243698
false,7.115546218487396
false,7.0427170868347355
true,7.0427170868347355
true,7.0427170868347355
true,7.0427170868347355
true,7.0427170868347355
