is_converged?,n_adj
false,3.6917629405359462
false,3.1429027346205265
false,2.9066147894368757
false,2.940176966864084
false,2.8568095503678337
false,2.640305995980843
true,2.59407948901814
true,2.59407948901814
true,2.59407948901814
true,2.59407948901814
true,2.59407948901814
true,2.59407948901814
true,2.59407948901814
true,2.59407948901814
true,2.59407948901814
true,2.59407948901814
true,2.59407948901814
true,2.59407948901814
true,2.59407948901814
true,2.59407948901814
true,2.59407948901814
