is_converged?,n_adj
true,3.2100421849416314
true,3.2100421849416314
true,3.2100421849416314
true,3.2100421849416314
true,3.2100421849416314
true,3.2100421849416314
true,3.2100421849416314
true,3.2100421849416314
true,3.2100421849416314
true,3.2100421849416314
true,3.2100421849416314
