is_converged?,n_adj
true,5.97719123613622
true,5.97719123613622
true,5.97719123613622
true,5.97719123613622
true,5.97719123613622
true,5.97719123613622
true,5.97719123613622
true,5.97719123613622
true,5.97719123613622
true,5.97719123613622
true,5.97719123613622
true,5.97719123613622
true,5.97719123613622
true,5.97719123613622
true,5.97719123613622
true,5.97719123613622
true,5.97719123613622
true,5.97719123613622
true,5.97719123613622
true,5.97719123613622
true,5.97719123613622
