is_converged?,n_adj
false,22.27777777777778
false,21.38888888888889
true,21.796296296296298
true,21.796296296296298
true,21.796296296296298
true,21.796296296296298
true,21.796296296296298
true,21.796296296296298
true,21.796296296296298
true,21.796296296296298
true,21.796296296296298
