is_converged?,n_adj
false,4.8786882782941445
false,4.4282204846642
false,4.5301409226943585
false,4.021794993772722
false,4.097171361966628
false,3.9770519552295736
true,3.701481293821841
true,3.701481293821841
true,3.701481293821841
true,3.701481293821841
true,3.701481293821841
