is_converged?,n_adj
false,13.31566820276497
false,10.51709229390681
false,9.501946888237207
false,9.57480595121724
false,8.51630300702881
false,7.413213645673318
false,7.469262032770093
false,7.396681387608802
true,7.23606310803891
true,7.23606310803891
true,7.23606310803891
true,7.23606310803891
true,7.23606310803891
true,7.23606310803891
true,7.23606310803891
true,7.23606310803891
true,7.23606310803891
true,7.23606310803891
true,7.23606310803891
true,7.23606310803891
true,7.23606310803891
