is_converged?,n_adj
false,13.231701285855582
false,10.184499081531712
false,8.63572370590174
false,8.26783476991191
false,7.775635862653663
false,7.562530026847531
false,7.529889077292636
false,7.562530026847531
true,7.46881093683764
true,7.46881093683764
true,7.46881093683764
true,7.46881093683764
true,7.46881093683764
true,7.46881093683764
true,7.46881093683764
true,7.46881093683764
true,7.46881093683764
true,7.46881093683764
true,7.46881093683764
true,7.46881093683764
true,7.46881093683764
