is_converged?,n_adj
false,3.7938780885099925
false,3.247674360404422
false,2.969216468602972
false,2.887611638531884
false,2.8403409473961614
false,2.7888072050648742
false,2.8072267201101555
true,2.6636513963201076
true,2.6636513963201076
true,2.6636513963201076
true,2.6636513963201076
