is_converged?,n_adj
false,3.359375
false,2.984375
false,2.734375
true,2.734375
true,2.734375
true,2.734375
true,2.734375
true,2.734375
true,2.734375
true,2.734375
true,2.734375
true,2.734375
true,2.734375
true,2.734375
true,2.734375
true,2.734375
true,2.734375
true,2.734375
true,2.734375
true,2.734375
true,2.734375
