is_converged?,n_adj
false,6.084537267056765
true,6.033301848310083
true,6.033301848310083
true,6.033301848310083
true,6.033301848310083
true,6.033301848310083
true,6.033301848310083
true,6.033301848310083
true,6.033301848310083
true,6.033301848310083
true,6.033301848310083
