is_converged?,n_adj
false,3.439890710382514
false,3.0655737704918034
false,2.912568306010929
false,2.5560109289617485
false,2.531420765027322
true,2.531420765027322
true,2.531420765027322
true,2.531420765027322
true,2.531420765027322
true,2.531420765027322
true,2.531420765027322
