is_converged?,n_adj
false,3.9250208855471973
false,3.1451068146556884
false,3.061481083661537
true,3.030152762859532
true,3.030152762859532
true,3.030152762859532
true,3.030152762859532
true,3.030152762859532
true,3.030152762859532
true,3.030152762859532
true,3.030152762859532
