is_converged?,n_adj
false,3.4275956284153013
false,3.113387978142076
false,3.031420765027322
false,2.905737704918033
true,2.846311475409836
true,2.846311475409836
true,2.846311475409836
true,2.846311475409836
true,2.846311475409836
true,2.846311475409836
true,2.846311475409836
