is_converged?,n_adj
false,3.271174863387978
false,2.8504098360655736
false,2.66051912568306
false,2.6523224043715845
true,2.6249999999999996
true,2.6249999999999996
true,2.6249999999999996
true,2.6249999999999996
true,2.6249999999999996
true,2.6249999999999996
true,2.6249999999999996
