is_converged?,n_adj
false,4.822718297010865
false,4.643316555964386
false,4.421042665639025
false,4.545873267771096
false,4.442879692145945
true,4.13086379544661
true,4.13086379544661
true,4.13086379544661
true,4.13086379544661
true,4.13086379544661
true,4.13086379544661
true,4.13086379544661
true,4.13086379544661
true,4.13086379544661
true,4.13086379544661
true,4.13086379544661
true,4.13086379544661
true,4.13086379544661
true,4.13086379544661
true,4.13086379544661
true,4.13086379544661
