is_converged?,n_adj
false,12.180892845031172
false,9.709833493051416
false,8.563316427663983
false,8.906080528403193
false,9.177566477095025
false,7.7840866990757736
false,7.653358488539872
true,7.51831679304926
true,7.51831679304926
true,7.51831679304926
true,7.51831679304926
true,7.51831679304926
true,7.51831679304926
true,7.51831679304926
true,7.51831679304926
true,7.51831679304926
true,7.51831679304926
true,7.51831679304926
true,7.51831679304926
true,7.51831679304926
true,7.51831679304926
