is_converged?,n_adj
false,9.577731092436975
false,8.224789915966387
false,7.4754901960784315
false,7.3466386554621845
false,7.231792717086836
true,6.94887955182073
true,6.94887955182073
true,6.94887955182073
true,6.94887955182073
true,6.94887955182073
true,6.94887955182073
true,6.94887955182073
true,6.94887955182073
true,6.94887955182073
true,6.94887955182073
true,6.94887955182073
true,6.94887955182073
true,6.94887955182073
true,6.94887955182073
true,6.94887955182073
true,6.94887955182073
