is_converged?,n_adj
false,10.890666666666666
false,8.5468
true,7.573066666666665
true,7.573066666666665
true,7.573066666666665
true,7.573066666666665
true,7.573066666666665
true,7.573066666666665
true,7.573066666666665
true,7.573066666666665
true,7.573066666666665
true,7.573066666666665
true,7.573066666666665
true,7.573066666666665
true,7.573066666666665
true,7.573066666666665
true,7.573066666666665
true,7.573066666666665
true,7.573066666666665
true,7.573066666666665
true,7.573066666666665
