is_converged?,n_adj
false,11.461466666666665
false,9.223676190476192
false,8.766419047619047
false,8.29575238095238
false,8.072819047619044
false,8.032819047619045
true,7.942152380952377
true,7.942152380952377
true,7.942152380952377
true,7.942152380952377
true,7.942152380952377
