is_converged?,n_adj
false,11.070933333333333
true,8.191980952380952
true,8.191980952380952
true,8.191980952380952
true,8.191980952380952
true,8.191980952380952
true,8.191980952380952
true,8.191980952380952
true,8.191980952380952
true,8.191980952380952
true,8.191980952380952
