is_converged?,n_adj
false,14.876387091079135
false,13.505824702955158
false,12.984197925428296
false,11.821215334341511
false,11.756592651003745
true,11.652048374815749
true,11.652048374815749
true,11.652048374815749
true,11.652048374815749
true,11.652048374815749
true,11.652048374815749
