is_converged?,n_adj
false,4.740762051801024
false,4.243478455166783
false,4.141577830538887
false,4.093767632079338
false,4.074899991783126
true,4.0449335296738065
true,4.0449335296738065
true,4.0449335296738065
true,4.0449335296738065
true,4.0449335296738065
true,4.0449335296738065
